<?xml version="1.0" encoding="UTF-8"?>
<xml><records><record><database name="MyLibrary">MyLibrary</database><source-app name="Zotero">Zotero</source-app><ref-type name="Journal Article">17</ref-type><contributors><authors><author>Kraff, Oliver</author><author>Fischer, Anja</author><author>Nagel, Armin M.</author><author>Mönninghoff, Christoph</author><author>Ladd, Mark E.</author></authors></contributors><titles><title>MRI at 7 tesla and above: Demonstrated and potential capabilities</title><secondary-title>Journal of Magnetic Resonance Imaging</secondary-title></titles><periodical><full-title>Journal of Magnetic Resonance Imaging</full-title><abbr-1>Journal of Magnetic Resonance Imaging</abbr-1></periodical><pages>13-33</pages><volume>41</volume><issue>1</issue><keywords><keyword>clinical</keyword><keyword>technical demands</keyword><keyword>ultra-high-field imaging</keyword></keywords><dates><year>2015</year><pub-dates><date>2015</date></pub-dates></dates><isbn>1522-2586</isbn><electronic-resource-num>10.1002/jmri.24573</electronic-resource-num><urls><web-urls><url>http://dx.doi.org/10.1002/jmri.24573</url></web-urls><pdf-urls><url>internal-pdf://9/Kraff_et_al-2015-Journal_of_Magnetic_Resonance_Imaging copy.pdf</url></pdf-urls></urls></record><record><database name="MyLibrary">MyLibrary</database><source-app name="Zotero">Zotero</source-app><ref-type name="Journal Article">17</ref-type><contributors><authors><author>Cloos, M. A.</author><author>Boulant, N.</author><author>Luong, M.</author><author>Ferrand, G.</author><author>Giacomini, E.</author><author>Le Bihan, D.</author><author>Amadon, A.</author></authors></contributors><titles><title>kT-points: Short three-dimensional tailored RF pulses for flip-angle homogenization over an extended volume</title><secondary-title>Magnetic Resonance in Medicine</secondary-title></titles><periodical><full-title>Magnetic Resonance in Medicine</full-title><abbr-1>Magnetic Resonance in Medicine</abbr-1></periodical><pages>72-80</pages><volume>67</volume><issue>1</issue><keywords><keyword>B1 inhomogeneity mitigation</keyword><keyword>non-selective excitation</keyword><keyword>parallel transmission</keyword><keyword>tailored RF pulses</keyword></keywords><dates><year>2012</year><pub-dates><date>2012</date></pub-dates></dates><isbn>1522-2594</isbn><electronic-resource-num>10.1002/mrm.22978</electronic-resource-num><abstract>With Transmit SENSE, we demonstrate the feasibility of uniformly exciting a volume such as the human brain at 7T through the use of an original minimalist transmit k-space coverage, referred to as “kT-points.” Radio-frequency energy is deposited only at a limited number of k-space locations in the vicinity of the center to counteract transmit sensitivity inhomogeneities. The resulting nonselective pulses are short and need little energy compared to adiabatic or other B 1+-robust pulses available in the literature, making them good candidates for short-repetition time 3D sequences at high field. Experimental verification was performed on three human volunteers at 7T by means of an 8-channel transmit array system. On average, whereas the standard circularly polarized excitation resulted in a 33%-flip angle spread (standard deviation over mean) throughout the brain, and a static radio-frequency shim showed flip angle variations of 17% and up, application of kT-point-based excitations demonstrated excellent flip angle uniformity (8%) for a small target flip angle and with sub-millisecond durations. Magn Reson Med, 2011. © 2011 Wiley-Liss, Inc.</abstract><urls><web-urls><url>http://dx.doi.org/10.1002/mrm.22978</url></web-urls><pdf-urls><url>internal-pdf://8/Cloos_et_al-2012-Magnetic_Resonance_in_Medicine.pdf</url></pdf-urls></urls></record><record><database name="MyLibrary">MyLibrary</database><source-app name="Zotero">Zotero</source-app><ref-type name="Journal Article">17</ref-type><contributors><authors><author>Yang, Qing X.</author><author>Wang, Jinghua</author><author>Zhang, Xiaoliang</author><author>Collins, Christopher M.</author><author>Smith, Michael B.</author><author>Liu, Haiying</author><author>Zhu, Xiao-Hong</author><author>Vaughan, J. Thomas</author><author>Ugurbil, Kamil</author><author>Chen, Wei</author></authors></contributors><titles><title>Analysis of wave behavior in lossy dielectric samples at high field</title><secondary-title>Magnetic Resonance in Medicine</secondary-title></titles><periodical><full-title>Magnetic Resonance in Medicine</full-title><abbr-1>Magnetic Resonance in Medicine</abbr-1></periodical><pages>982-989</pages><volume>47</volume><issue>5</issue><keywords><keyword>B1</keyword><keyword>calculations</keyword><keyword>high field</keyword><keyword>MRI</keyword><keyword>radiofrequency</keyword></keywords><dates><year>2002</year><pub-dates><date>2002</date></pub-dates></dates><isbn>1522-2594</isbn><electronic-resource-num>10.1002/mrm.10137</electronic-resource-num><abstract>Radiofrequency (RF) field wave behavior and associated nonuniform image intensity at high magnetic field strengths are examined experimentally and numerically. The RF field produced by a 10-cm-diameter surface coil at 300 MHz is evaluated in a 16-cm-diameter spherical phantom with variable salinity, and in the human head. Temporal progression of the RF field indicates that the standing wave and associated dielectric resonance occurring in a pure water phantom near 300 MHz is greatly dampened in the human head due to the strong decay of the electromagnetic wave. The characteristic image intensity distribution in the human head is the result of spatial phase distribution and amplitude modulation by the interference of the RF traveling waves determined by a given sample-coil configuration. The numerical calculation method is validated with experimental results. The general behavior of the RF field with respect to the average brain electrical properties in a frequency range of 42–350 MHz is also analyzed. Magn Reson Med 47:982–989, 2002. © 2002 Wiley-Liss, Inc.</abstract><urls><web-urls><url>http://dx.doi.org/10.1002/mrm.10137</url></web-urls><pdf-urls><url>internal-pdf://11/Yang_et_al-2002-Magnetic_Resonance_in_Medicine.pdf</url></pdf-urls></urls></record><record><database name="MyLibrary">MyLibrary</database><source-app name="Zotero">Zotero</source-app><ref-type name="Journal Article">17</ref-type><contributors><authors><author>Keong Li, Bing</author><author>Liu, Feng</author><author>Crozier, Stuart</author></authors></contributors><titles><title>Focused, eight-element transceive phased array coil for parallel magnetic resonance imaging of the chest—Theoretical considerations</title><secondary-title>Magnetic Resonance in Medicine</secondary-title></titles><periodical><full-title>Magnetic Resonance in Medicine</full-title><abbr-1>Magnetic Resonance in Medicine</abbr-1></periodical><pages>1251-1257</pages><volume>53</volume><issue>6</issue><keywords><keyword>chest imaging</keyword><keyword>hybrid FDTD/MoM</keyword><keyword>radiofrequency field focusing</keyword><keyword>sense</keyword><keyword>transceive torso phased array</keyword></keywords><dates><year>2005</year><pub-dates><date>2005</date></pub-dates></dates><isbn>1522-2594</isbn><electronic-resource-num>10.1002/mrm.20505</electronic-resource-num><abstract>A new transceive system for chest imaging for MRI applications is presented. A focused, eight-element transceive torso phased array coil is designed to investigate transmitting a focused radiofrequency field deep within the torso and to enhance signal homogeneity in the heart region. The system is used in conjunction with the SENSE reconstruction technique to enable focused parallel imaging. A hybrid finite-difference-time-domain/method-of-moments method is used to accurately predict the radiofrequency behavior inside the human torso. The simulation results reported herein demonstrate the feasibility of the design concept, which shows that radiofrequency field focusing with SENSE reconstruction is theoretically achievable. Magn Reson Med 53:1251–1257, 2005. © 2005 Wiley-Liss, Inc.</abstract><urls><web-urls><url>http://dx.doi.org/10.1002/mrm.20505</url></web-urls><pdf-urls><url>internal-pdf://13/Li_et_al-2005-Magnetic_Resonance_in_Medicine.pdf</url></pdf-urls></urls></record><record><database name="MyLibrary">MyLibrary</database><source-app name="Zotero">Zotero</source-app><ref-type name="Journal Article">17</ref-type><contributors><authors><author>Regatte, Ravinder R.</author></authors></contributors><titles><title>Why Buy an Expensive ($7 Million) 7T MRI System for Biomedical Research?</title><secondary-title>Journal of Magnetic Resonance Imaging</secondary-title></titles><periodical><full-title>Journal of Magnetic Resonance Imaging</full-title><abbr-1>Journal of Magnetic Resonance Imaging</abbr-1></periodical><pages>280-282</pages><volume>40</volume><issue>2</issue><dates><year>2014</year><pub-dates><date>2014</date></pub-dates></dates><isbn>1522-2586</isbn><electronic-resource-num>10.1002/jmri.24444</electronic-resource-num><urls><web-urls><url>http://dx.doi.org/10.1002/jmri.24444</url></web-urls><pdf-urls><url>internal-pdf://15/Regatte-2014-Journal_of_Magnetic_Resonance_Imaging.pdf</url></pdf-urls></urls></record><record><database name="MyLibrary">MyLibrary</database><source-app name="Zotero">Zotero</source-app><ref-type name="Journal Article">17</ref-type><contributors><authors><author>Moser, Ewald</author><author>Stahlberg, Freddy</author><author>Ladd, Mark E.</author><author>Trattnig, Siegfried</author></authors></contributors><titles><title>7-T MR—from research to clinical applications?</title><secondary-title>NMR in Biomedicine</secondary-title></titles><periodical><full-title>NMR in Biomedicine</full-title><abbr-1>NMR in Biomedicine</abbr-1></periodical><pages>695-716</pages><volume>25</volume><issue>5</issue><keywords><keyword>7 T</keyword><keyword>brain</keyword><keyword>cartilage</keyword><keyword>heart</keyword><keyword>safety</keyword><keyword>skeletal muscle</keyword><keyword>ultrahigh-field MR</keyword><keyword>vascular</keyword></keywords><dates><year>2012</year><pub-dates><date>2012</date></pub-dates></dates><isbn>1099-1492</isbn><electronic-resource-num>10.1002/nbm.1794</electronic-resource-num><abstract>Over 20 000 MR systems are currently installed worldwide and, although the majority operate at magnetic fields of 1.5 T and below (i.e. about 70%), experience with 3-T (in high-field clinical diagnostic imaging and research) and 7-T (research only) human MR scanners points to a future in functional and metabolic MR diagnostics. Complementary to previous studies, this review attempts to provide an overview of ultrahigh-field MR research with special emphasis on emerging clinical applications at 7 T. We provide a short summary of the technical development and the current status of installed MR systems. The advantages and challenges of ultrahigh-field MRI and MRS are discussed with special emphasis on radiofrequency inhomogeneity, relaxation times, signal-to-noise improvements, susceptibility effects, chemical shifts, specific absorption rate and other safety issues. In terms of applications, we focus on the topics most likely to gain significantly from 7-T MR, i.e. brain imaging and spectroscopy and musculoskeletal imaging, but also body imaging, which is particularly challenging. Examples are given to demonstrate the advantages of susceptibility-weighted imaging, time-of-flight MR angiography, high-resolution functional MRI, 1H and 31P MRSI in the human brain, sodium and functional imaging of cartilage and the first results (and artefacts) using an eight-channel body array, suggesting future areas of research that should be intensified in order to fully explore the potential of 7-T MR systems for use in clinical diagnosis. Copyright © 2011 John Wiley &amp; Sons, Ltd.</abstract><urls><web-urls><url>http://dx.doi.org/10.1002/nbm.1794</url></web-urls><pdf-urls><url>internal-pdf://17/Moser_et_al-2012-NMR_in_Biomedicine.pdf</url></pdf-urls></urls></record><record><database name="MyLibrary">MyLibrary</database><source-app name="Zotero">Zotero</source-app><ref-type name="Journal Article">17</ref-type><contributors><authors><author>Jin, Jin</author></authors></contributors><titles><title>Computational Electromagnetics-tailored Inverse Solution to Radiofrequency Issues of High Field MRI</title></titles><dates><year>2012</year><pub-dates><date>2012-01-01</date></pub-dates></dates><urls><pdf-urls><url>internal-pdf://19/s4147192_phd_corrected.pdf</url></pdf-urls></urls></record><record><database name="MyLibrary">MyLibrary</database><source-app name="Zotero">Zotero</source-app><ref-type name="Journal Article">17</ref-type><contributors><authors><author>Malik, Shaihan J.</author><author>Padormo, Francesco</author><author>Price, Anthony N.</author><author>Hajnal, Joseph V.</author></authors></contributors><titles><title>Spatially resolved extended phase graphs: Modeling and design of multipulse sequences with parallel transmission</title><secondary-title>Magnetic Resonance in Medicine</secondary-title></titles><periodical><full-title>Magnetic Resonance in Medicine</full-title><abbr-1>Magnetic Resonance in Medicine</abbr-1></periodical><pages>1481-1494</pages><volume>68</volume><issue>5</issue><keywords><keyword>extended phase graph</keyword><keyword>parallel transmission</keyword><keyword>RF shimming</keyword><keyword>turbo spin echo/RARE</keyword></keywords><dates><year>2012</year><pub-dates><date>2012</date></pub-dates></dates><isbn>1522-2594</isbn><electronic-resource-num>10.1002/mrm.24153</electronic-resource-num><abstract>A spatially resolved extended phase graph (SR-EPG) framework is proposed for prediction of echo amplitudes in the presence of spatially variable radio frequency (RF) fields. The method may be used to examine any regularly repeating pulse sequence and provides a design framework for parallel transmission (PTx) systems; in this work signal homogeneity in static pseudo-steady state (SPSS) turbo spin echo (TSE) imaging was investigated. Building on SR-EPG calculations with PTx, a dynamic RF-shimming approach is proposed in which, RF pulse amplitudes and phases are optimized on a per channel and per pulse basis to yield the desired signal response for all echoes. Results show significant improvements over “static” RF shimming (in which the relative amplitude/phase of the PTx channels are fixed for all pulses). SPSS-TSE imaging using dynamic RF shimming resulted in excellent image quality, both in phantoms and in vivo, and confirmed SR-EPG predictions. Magn Reson Med, 2012. © 2012 Wiley Periodicals, Inc.</abstract><urls><web-urls><url>http://dx.doi.org/10.1002/mrm.24153</url></web-urls><pdf-urls><url>internal-pdf://21/Malik_et_al-2012-Magnetic_Resonance_in_Medicine.pdf</url></pdf-urls></urls></record><record><database name="MyLibrary">MyLibrary</database><source-app name="Zotero">Zotero</source-app><ref-type name="Journal Article">17</ref-type><contributors><authors><author>Metzger, Gregory J.</author><author>Snyder, Carl</author><author>Akgun, Can</author><author>Vaughan, Tommy</author><author>Ugurbil, Kamil</author><author>Van de Moortele, Pierre-Francois</author></authors></contributors><titles><title>Local B1+ shimming for prostate imaging with transceiver arrays at 7T based on subject-dependent transmit phase measurements</title><secondary-title>Magnetic Resonance in Medicine</secondary-title></titles><periodical><full-title>Magnetic Resonance in Medicine</full-title><abbr-1>Magnetic Resonance in Medicine</abbr-1></periodical><pages>396-409</pages><volume>59</volume><issue>2</issue><keywords><keyword>7T</keyword><keyword>B1+ shimming</keyword><keyword>FDTD model</keyword><keyword>prostate</keyword><keyword>SAR</keyword><keyword>stripline array</keyword><keyword>transceive array</keyword><keyword>transmit array</keyword></keywords><dates><year>2008</year><pub-dates><date>2008</date></pub-dates></dates><isbn>1522-2594</isbn><electronic-resource-num>10.1002/mrm.21476</electronic-resource-num><abstract>High-quality prostate images were obtained with transceiver arrays at 7T after performing subject-dependent local transmit B1 (B1+) shimming to minimize B1+ losses resulting from destructive interferences. B1+ shimming was performed by altering the input phase of individual RF channels based on relative B1+ phase maps rapidly obtained in vivo for each channel of an eight-element stripline coil. The relative transmit phases needed to maximize B1+ coherence within a limited region around the prostate greatly differed from those dictated by coil geometry and were highly subject-dependent. A set of transmit phases determined by B1+ shimming provided a gain in transmit efficiency of 4.2 ± 2.7 in the prostate when compared to the standard transmit phases determined by coil geometry. This increased efficiency resulted in large reductions in required RF power for a given flip angle in the prostate which, when accounted for in modeling studies, resulted in significant reductions of local specific absorption rates. Additionally, B1+ shimming decreased B1+ nonuniformity within the prostate from (24 ± 9%) to (5 ± 4%). This study demonstrates the tremendous impact of fast local B1+ phase shimming on ultrahigh magnetic field body imaging. Magn Reson Med 59:396–409, 2008. © 2008 Wiley-Liss, Inc.</abstract><urls><web-urls><url>http://dx.doi.org/10.1002/mrm.21476</url></web-urls><pdf-urls><url>internal-pdf://23/Metzger_et_al-2008-Magnetic_Resonance_in_Medicine.pdf</url></pdf-urls></urls></record><record><database name="MyLibrary">MyLibrary</database><source-app name="Zotero">Zotero</source-app><ref-type name="Journal Article">17</ref-type><contributors><authors><author>Homann, Hanno</author><author>Graesslin, Ingmar</author><author>Eggers, Holger</author><author>Nehrke, Kay</author><author>Vernickel, Peter</author><author>Katscher, Ulrich</author><author>Dossel, Olaf</author><author>Bornert, Peter</author></authors></contributors><titles><title>Local SAR management by RF shimming: a simulation study with multiple human body  models.</title><secondary-title>Magma (New York, N.Y.)</secondary-title></titles><periodical><full-title>Magma (New York, N.Y.)</full-title><abbr-1>MAGMA</abbr-1></periodical><pages>193-204</pages><volume>25</volume><issue>3</issue><keywords><keyword>*Algorithms</keyword><keyword>*Models, Biological</keyword><keyword>Computer Simulation</keyword><keyword>Humans</keyword><keyword>Image Enhancement/*methods</keyword><keyword>Image Interpretation, Computer-Assisted/*methods</keyword><keyword>Magnetic Resonance Imaging/instrumentation/*methods</keyword><keyword>Phantoms, Imaging</keyword><keyword>Reproducibility of Results</keyword><keyword>Sensitivity and Specificity</keyword><keyword>Whole Body Imaging/*methods</keyword></keywords><dates><year>2012</year><pub-dates><date>2012 Jun</date></pub-dates></dates><isbn>1352-8661 0968-5243</isbn><electronic-resource-num>10.1007/s10334-011-0281-8</electronic-resource-num><abstract>OBJECT: Parallel transmission facilitates a relatively direct control of the RF transmit field. This is usually applied to improve the RF field homogeneity but might also allow a reduction of the specific absorption rate (SAR) to increase freedom in sequence design for high-field MRI. However, predicting the local SAR  is challenging as it depends not only on the multi-channel drive but also on the  individual patient. MATERIALS AND METHODS: The potential of RF shimming for SAR management is investigated for a 3 T body coil with eight independent transmit elements, based on Finite-Difference Time-Domain (FDTD) simulations. To address the patient-dependency of the SAR, nine human body models were generated from volunteer MR data and used in the simulations. A novel approach to RF shimming that enforces local SAR constraints is proposed. RESULTS: RF shimming substantially reduced the local SAR, consistently for all volunteers. Using SAR constraints, a further SAR reduction could be achieved with only minor compromises in RF performance. CONCLUSION: Parallel transmission can become an important tool to control and manage the local SAR in the human body. The practical use of local SAR constraints is feasible with consistent results for a  variety of body models.</abstract><language>eng</language><urls><pdf-urls><url>internal-pdf://25/Homann_2012_Local SAR management by RF shimming.pdf</url></pdf-urls></urls></record><record><database name="MyLibrary">MyLibrary</database><source-app name="Zotero">Zotero</source-app><ref-type name="Journal Article">17</ref-type><contributors><authors><author>Eichfelder, Gabriele</author><author>Gebhardt, Matthias</author></authors></contributors><titles><title>Local specific absorption rate control for parallel transmission by virtual observation points</title><secondary-title>Magnetic Resonance in Medicine</secondary-title></titles><periodical><full-title>Magnetic Resonance in Medicine</full-title><abbr-1>Magnetic Resonance in Medicine</abbr-1></periodical><pages>1468-1476</pages><volume>66</volume><issue>5</issue><keywords><keyword>local specific absorption rate</keyword><keyword>parallel transmission</keyword><keyword>pTx</keyword><keyword>SAR</keyword><keyword>semidefinite programming</keyword><keyword>vector optimization</keyword></keywords><dates><year>2011</year><pub-dates><date>2011</date></pub-dates></dates><isbn>1522-2594</isbn><electronic-resource-num>10.1002/mrm.22927</electronic-resource-num><abstract>The supervision of local specific absorption rate (SAR) in parallel transmission applications in MRI is crucial. One existing approach is to use electromagnetic simulations including human anatomical models and to precalculate the electric field distributions of each individual channel. These can be superposed later with respect to certain combined excitations under investigation, and the local SAR distribution can be evaluated. Local SAR maxima can be obtained by exhaustive search over all investigated subvolumes of the body model. Practical challenges arise for the adequate handling and comparing of precalculated field distributions as long as the expected combined radiofrequency excitations are still undetermined. Worst-case approximations for local SAR lead to significant radiofrequency pulse performance limitations. Optimizing local SAR in radiofrequency pulse design using constraints for each subvolume is impractical. A method is proposed to significantly reduce the complexity without restriction to particular radiofrequency excitations. By constructing several matrices, it becomes sufficient to consider only these so-called Virtual Observation Points for an adequate, conservative estimation of the maximum local SAR. The applied techniques involve concepts of vector optimization as well as semidefinite programming. Magn Reson Med, 2011. © 2011 Wiley Periodicals, Inc.</abstract><urls><web-urls><url>http://dx.doi.org/10.1002/mrm.22927</url></web-urls><pdf-urls><url>internal-pdf://28/Local SAR control for pTx by virtual observation points.pdf</url></pdf-urls></urls></record></records></xml>